<?xml version="1.0" encoding="UTF-8"?>
<GenRun Id="synth_1" LaunchPart="xc7a35ticpg236-1L" LaunchTime="1722617093">
  <File Type="PA-TCL" Name="SPI_SLAVE.tcl"/>
  <File Type="RDS-PROPCONSTRS" Name="SPI_SLAVE_drc_synth.rpt"/>
  <File Type="REPORTS-TCL" Name="SPI_SLAVE_reports.tcl"/>
  <File Type="RDS-RDS" Name="SPI_SLAVE.vds"/>
  <File Type="RDS-UTIL" Name="SPI_SLAVE_utilization_synth.rpt"/>
  <File Type="RDS-UTIL-PB" Name="SPI_SLAVE_utilization_synth.pb"/>
  <File Type="RDS-DCP" Name="SPI_SLAVE.dcp"/>
  <File Type="VDS-TIMINGSUMMARY" Name="SPI_SLAVE_timing_summary_synth.rpt"/>
  <File Type="VDS-TIMING-PB" Name="SPI_SLAVE_timing_summary_synth.pb"/>
  <FileSet Name="sources" Type="DesignSrcs" RelSrcDir="$PSRCDIR/sources_1">
    <Filter Type="Srcs"/>
    <File Path="$PPRDIR/../SPI_SLAVE.v">
      <FileInfo>
        <Attr Name="UsedIn" Val="synthesis"/>
        <Attr Name="UsedIn" Val="implementation"/>
        <Attr Name="UsedIn" Val="simulation"/>
      </FileInfo>
    </File>
    <Config>
      <Option Name="DesignMode" Val="RTL"/>
      <Option Name="TopModule" Val="SPI_SLAVE"/>
      <Option Name="TopAutoSet" Val="TRUE"/>
    </Config>
  </FileSet>
  <FileSet Name="constrs_in" Type="Constrs" RelSrcDir="$PSRCDIR/constrs_1">
    <Filter Type="Constrs"/>
    <File Path="$PPRDIR/../../Constraints_basys3.xdc">
      <FileInfo>
        <Attr Name="UsedIn" Val="synthesis"/>
        <Attr Name="UsedIn" Val="implementation"/>
      </FileInfo>
    </File>
    <Config>
      <Option Name="ConstrsType" Val="XDC"/>
    </Config>
  </FileSet>
  <Strategy Version="1" Minor="2">
    <StratHandle Name="Vivado Synthesis Defaults" Flow="Vivado Synthesis 2018">
      <Desc>Vivado Synthesis Defaults</Desc>
    </StratHandle>
    <Step Id="synth_design"/>
  </Strategy>
</GenRun>
