<?xml version="1.0" encoding="UTF-8"?>
<GenRun Id="impl_1" LaunchPart="xc7a35ticpg236-1L" LaunchTime="1722880504">
  <File Type="OPT-HWDEF" Name="Wrapper.hwdef"/>
  <File Type="ROUTE-BUS-SKEW" Name="Wrapper_bus_skew_routed.rpt"/>
  <File Type="PA-DCP" Name="Wrapper.dcp"/>
  <File Type="BITSTR-BMM" Name="Wrapper_bd.bmm"/>
  <File Type="OPT-METHODOLOGY-DRC" Name="Wrapper_methodology_drc_opted.rpt"/>
  <File Type="INIT-TIMING" Name="Wrapper_timing_summary_init.rpt"/>
  <File Type="ROUTE-PWR" Name="Wrapper_power_routed.rpt"/>
  <File Type="PA-TCL" Name="Wrapper.tcl"/>
  <File Type="OPT-TIMING" Name="Wrapper_timing_summary_opted.rpt"/>
  <File Type="OPT-DCP" Name="Wrapper_opt.dcp"/>
  <File Type="ROUTE-PWR-SUM" Name="Wrapper_power_summary_routed.pb"/>
  <File Type="REPORTS-TCL" Name="Wrapper_reports.tcl"/>
  <File Type="OPT-DRC" Name="Wrapper_drc_opted.rpt"/>
  <File Type="PWROPT-DCP" Name="Wrapper_pwropt.dcp"/>
  <File Type="PWROPT-DRC" Name="Wrapper_drc_pwropted.rpt"/>
  <File Type="PWROPT-TIMING" Name="Wrapper_timing_summary_pwropted.rpt"/>
  <File Type="PLACE-DCP" Name="Wrapper_placed.dcp"/>
  <File Type="PLACE-IO" Name="Wrapper_io_placed.rpt"/>
  <File Type="PLACE-CLK" Name="Wrapper_clock_utilization_placed.rpt"/>
  <File Type="PLACE-UTIL" Name="Wrapper_utilization_placed.rpt"/>
  <File Type="PLACE-UTIL-PB" Name="Wrapper_utilization_placed.pb"/>
  <File Type="PLACE-CTRL" Name="Wrapper_control_sets_placed.rpt"/>
  <File Type="PLACE-SIMILARITY" Name="Wrapper_incremental_reuse_placed.rpt"/>
  <File Type="PLACE-PRE-SIMILARITY" Name="Wrapper_incremental_reuse_pre_placed.rpt"/>
  <File Type="PLACE-TIMING" Name="Wrapper_timing_summary_placed.rpt"/>
  <File Type="POSTPLACE-PWROPT-DCP" Name="Wrapper_postplace_pwropt.dcp"/>
  <File Type="BG-BIN" Name="Wrapper.bin"/>
  <File Type="POSTPLACE-PWROPT-TIMING" Name="Wrapper_timing_summary_postplace_pwropted.rpt"/>
  <File Type="PHYSOPT-DCP" Name="Wrapper_physopt.dcp"/>
  <File Type="PHYSOPT-DRC" Name="Wrapper_drc_physopted.rpt"/>
  <File Type="BITSTR-MSK" Name="Wrapper.msk"/>
  <File Type="PHYSOPT-TIMING" Name="Wrapper_timing_summary_physopted.rpt"/>
  <File Type="ROUTE-ERROR-DCP" Name="Wrapper_routed_error.dcp"/>
  <File Type="ROUTE-DCP" Name="Wrapper_routed.dcp"/>
  <File Type="ROUTE-BLACKBOX-DCP" Name="Wrapper_routed_bb.dcp"/>
  <File Type="ROUTE-DRC" Name="Wrapper_drc_routed.rpt"/>
  <File Type="ROUTE-DRC-PB" Name="Wrapper_drc_routed.pb"/>
  <File Type="BITSTR-LTX" Name="debug_nets.ltx"/>
  <File Type="BITSTR-LTX" Name="Wrapper.ltx"/>
  <File Type="ROUTE-DRC-RPX" Name="Wrapper_drc_routed.rpx"/>
  <File Type="BITSTR-MMI" Name="Wrapper.mmi"/>
  <File Type="ROUTE-METHODOLOGY-DRC" Name="Wrapper_methodology_drc_routed.rpt"/>
  <File Type="ROUTE-METHODOLOGY-DRC-RPX" Name="Wrapper_methodology_drc_routed.rpx"/>
  <File Type="BITSTR-SYSDEF" Name="Wrapper.sysdef"/>
  <File Type="ROUTE-METHODOLOGY-DRC-PB" Name="Wrapper_methodology_drc_routed.pb"/>
  <File Type="ROUTE-PWR-RPX" Name="Wrapper_power_routed.rpx"/>
  <File Type="ROUTE-STATUS" Name="Wrapper_route_status.rpt"/>
  <File Type="ROUTE-STATUS-PB" Name="Wrapper_route_status.pb"/>
  <File Type="ROUTE-TIMINGSUMMARY" Name="Wrapper_timing_summary_routed.rpt"/>
  <File Type="ROUTE-TIMING-PB" Name="Wrapper_timing_summary_routed.pb"/>
  <File Type="ROUTE-TIMING-RPX" Name="Wrapper_timing_summary_routed.rpx"/>
  <File Type="ROUTE-SIMILARITY" Name="Wrapper_incremental_reuse_routed.rpt"/>
  <File Type="ROUTE-CLK" Name="Wrapper_clock_utilization_routed.rpt"/>
  <File Type="ROUTE-BUS-SKEW-PB" Name="Wrapper_bus_skew_routed.pb"/>
  <File Type="ROUTE-BUS-SKEW-RPX" Name="Wrapper_bus_skew_routed.rpx"/>
  <File Type="POSTROUTE-PHYSOPT-DCP" Name="Wrapper_postroute_physopt.dcp"/>
  <File Type="POSTROUTE-PHYSOPT-BLACKBOX-DCP" Name="Wrapper_postroute_physopt_bb.dcp"/>
  <File Type="POSTROUTE-PHYSOPT-TIMING" Name="Wrapper_timing_summary_postroute_physopted.rpt"/>
  <File Type="POSTROUTE-PHYSOPT-TIMING-PB" Name="Wrapper_timing_summary_postroute_physopted.pb"/>
  <File Type="POSTROUTE-PHYSOPT-TIMING-RPX" Name="Wrapper_timing_summary_postroute_physopted.rpx"/>
  <File Type="POSTROUTE-PHYSOPT-BUS-SKEW" Name="Wrapper_bus_skew_postroute_physopted.rpt"/>
  <File Type="POSTROUTE-PHYSOPT-BUS-SKEW-PB" Name="Wrapper_bus_skew_postroute_physopted.pb"/>
  <File Type="BG-BIT" Name="Wrapper.bit"/>
  <File Type="POSTROUTE-PHYSOPT-BUS-SKEW-RPX" Name="Wrapper_bus_skew_postroute_physopted.rpx"/>
  <File Type="BITSTR-RBT" Name="Wrapper.rbt"/>
  <File Type="BITSTR-NKY" Name="Wrapper.nky"/>
  <File Type="BG-BGN" Name="Wrapper.bgn"/>
  <File Type="BG-DRC" Name="Wrapper.drc"/>
  <File Type="RDI-RDI" Name="Wrapper.vdi"/>
  <File Type="WBT-USG" Name="usage_statistics_webtalk.html"/>
  <FileSet Name="sources" Type="DesignSrcs" RelSrcDir="$PSRCDIR/sources_1">
    <Filter Type="Srcs"/>
    <File Path="$PPRDIR/../Ram.v">
      <FileInfo>
        <Attr Name="UsedIn" Val="synthesis"/>
        <Attr Name="UsedIn" Val="implementation"/>
        <Attr Name="UsedIn" Val="simulation"/>
      </FileInfo>
    </File>
    <File Path="$PPRDIR/../SPI_SLAVE.v">
      <FileInfo>
        <Attr Name="UsedIn" Val="synthesis"/>
        <Attr Name="UsedIn" Val="implementation"/>
        <Attr Name="UsedIn" Val="simulation"/>
      </FileInfo>
    </File>
    <File Path="$PPRDIR/../Wrapper.v">
      <FileInfo>
        <Attr Name="UsedIn" Val="synthesis"/>
        <Attr Name="UsedIn" Val="implementation"/>
        <Attr Name="UsedIn" Val="simulation"/>
      </FileInfo>
    </File>
    <Config>
      <Option Name="DesignMode" Val="RTL"/>
      <Option Name="TopModule" Val="Wrapper"/>
      <Option Name="TopAutoSet" Val="TRUE"/>
    </Config>
  </FileSet>
  <FileSet Name="constrs_in" Type="Constrs" RelSrcDir="$PSRCDIR/constrs_1">
    <Filter Type="Constrs"/>
    <File Path="$PPRDIR/../Constraints_basys3_SPI_SLAVE.xdc">
      <FileInfo>
        <Attr Name="UsedIn" Val="synthesis"/>
        <Attr Name="UsedIn" Val="implementation"/>
      </FileInfo>
    </File>
    <Config>
      <Option Name="TargetConstrsFile" Val="$PPRDIR/../Constraints_basys3_SPI_SLAVE.xdc"/>
      <Option Name="ConstrsType" Val="XDC"/>
    </Config>
  </FileSet>
  <Strategy Version="1" Minor="2">
    <StratHandle Name="Vivado Implementation Defaults" Flow="Vivado Implementation 2018"/>
    <Step Id="init_design"/>
    <Step Id="opt_design"/>
    <Step Id="power_opt_design"/>
    <Step Id="place_design"/>
    <Step Id="post_place_power_opt_design"/>
    <Step Id="phys_opt_design"/>
    <Step Id="route_design"/>
    <Step Id="post_route_phys_opt_design"/>
    <Step Id="write_bitstream"/>
  </Strategy>
</GenRun>
