<?xml version="1.0" encoding="UTF-8"?>
<GenRun Id="impl_1" LaunchPart="xc7a35ticpg236-1L" LaunchTime="1722617167">
  <File Type="OPT-HWDEF" Name="SPI_SLAVE.hwdef"/>
  <File Type="ROUTE-BUS-SKEW" Name="SPI_SLAVE_bus_skew_routed.rpt"/>
  <File Type="PA-DCP" Name="SPI_SLAVE.dcp"/>
  <File Type="BITSTR-BMM" Name="SPI_SLAVE_bd.bmm"/>
  <File Type="OPT-METHODOLOGY-DRC" Name="SPI_SLAVE_methodology_drc_opted.rpt"/>
  <File Type="INIT-TIMING" Name="SPI_SLAVE_timing_summary_init.rpt"/>
  <File Type="ROUTE-PWR" Name="SPI_SLAVE_power_routed.rpt"/>
  <File Type="PA-TCL" Name="SPI_SLAVE.tcl"/>
  <File Type="OPT-TIMING" Name="SPI_SLAVE_timing_summary_opted.rpt"/>
  <File Type="OPT-DCP" Name="SPI_SLAVE_opt.dcp"/>
  <File Type="ROUTE-PWR-SUM" Name="SPI_SLAVE_power_summary_routed.pb"/>
  <File Type="REPORTS-TCL" Name="SPI_SLAVE_reports.tcl"/>
  <File Type="OPT-DRC" Name="SPI_SLAVE_drc_opted.rpt"/>
  <File Type="PWROPT-DCP" Name="SPI_SLAVE_pwropt.dcp"/>
  <File Type="PWROPT-DRC" Name="SPI_SLAVE_drc_pwropted.rpt"/>
  <File Type="PWROPT-TIMING" Name="SPI_SLAVE_timing_summary_pwropted.rpt"/>
  <File Type="PLACE-DCP" Name="SPI_SLAVE_placed.dcp"/>
  <File Type="PLACE-IO" Name="SPI_SLAVE_io_placed.rpt"/>
  <File Type="PLACE-CLK" Name="SPI_SLAVE_clock_utilization_placed.rpt"/>
  <File Type="PLACE-UTIL" Name="SPI_SLAVE_utilization_placed.rpt"/>
  <File Type="PLACE-UTIL-PB" Name="SPI_SLAVE_utilization_placed.pb"/>
  <File Type="PLACE-CTRL" Name="SPI_SLAVE_control_sets_placed.rpt"/>
  <File Type="PLACE-SIMILARITY" Name="SPI_SLAVE_incremental_reuse_placed.rpt"/>
  <File Type="PLACE-PRE-SIMILARITY" Name="SPI_SLAVE_incremental_reuse_pre_placed.rpt"/>
  <File Type="PLACE-TIMING" Name="SPI_SLAVE_timing_summary_placed.rpt"/>
  <File Type="POSTPLACE-PWROPT-DCP" Name="SPI_SLAVE_postplace_pwropt.dcp"/>
  <File Type="BG-BIN" Name="SPI_SLAVE.bin"/>
  <File Type="POSTPLACE-PWROPT-TIMING" Name="SPI_SLAVE_timing_summary_postplace_pwropted.rpt"/>
  <File Type="PHYSOPT-DCP" Name="SPI_SLAVE_physopt.dcp"/>
  <File Type="PHYSOPT-DRC" Name="SPI_SLAVE_drc_physopted.rpt"/>
  <File Type="BITSTR-MSK" Name="SPI_SLAVE.msk"/>
  <File Type="PHYSOPT-TIMING" Name="SPI_SLAVE_timing_summary_physopted.rpt"/>
  <File Type="ROUTE-ERROR-DCP" Name="SPI_SLAVE_routed_error.dcp"/>
  <File Type="ROUTE-DCP" Name="SPI_SLAVE_routed.dcp"/>
  <File Type="ROUTE-BLACKBOX-DCP" Name="SPI_SLAVE_routed_bb.dcp"/>
  <File Type="ROUTE-DRC" Name="SPI_SLAVE_drc_routed.rpt"/>
  <File Type="ROUTE-DRC-PB" Name="SPI_SLAVE_drc_routed.pb"/>
  <File Type="BITSTR-LTX" Name="debug_nets.ltx"/>
  <File Type="BITSTR-LTX" Name="SPI_SLAVE.ltx"/>
  <File Type="ROUTE-DRC-RPX" Name="SPI_SLAVE_drc_routed.rpx"/>
  <File Type="BITSTR-MMI" Name="SPI_SLAVE.mmi"/>
  <File Type="ROUTE-METHODOLOGY-DRC" Name="SPI_SLAVE_methodology_drc_routed.rpt"/>
  <File Type="ROUTE-METHODOLOGY-DRC-RPX" Name="SPI_SLAVE_methodology_drc_routed.rpx"/>
  <File Type="BITSTR-SYSDEF" Name="SPI_SLAVE.sysdef"/>
  <File Type="ROUTE-METHODOLOGY-DRC-PB" Name="SPI_SLAVE_methodology_drc_routed.pb"/>
  <File Type="ROUTE-PWR-RPX" Name="SPI_SLAVE_power_routed.rpx"/>
  <File Type="ROUTE-STATUS" Name="SPI_SLAVE_route_status.rpt"/>
  <File Type="ROUTE-STATUS-PB" Name="SPI_SLAVE_route_status.pb"/>
  <File Type="ROUTE-TIMINGSUMMARY" Name="SPI_SLAVE_timing_summary_routed.rpt"/>
  <File Type="ROUTE-TIMING-PB" Name="SPI_SLAVE_timing_summary_routed.pb"/>
  <File Type="ROUTE-TIMING-RPX" Name="SPI_SLAVE_timing_summary_routed.rpx"/>
  <File Type="ROUTE-SIMILARITY" Name="SPI_SLAVE_incremental_reuse_routed.rpt"/>
  <File Type="ROUTE-CLK" Name="SPI_SLAVE_clock_utilization_routed.rpt"/>
  <File Type="ROUTE-BUS-SKEW-PB" Name="SPI_SLAVE_bus_skew_routed.pb"/>
  <File Type="ROUTE-BUS-SKEW-RPX" Name="SPI_SLAVE_bus_skew_routed.rpx"/>
  <File Type="POSTROUTE-PHYSOPT-DCP" Name="SPI_SLAVE_postroute_physopt.dcp"/>
  <File Type="POSTROUTE-PHYSOPT-BLACKBOX-DCP" Name="SPI_SLAVE_postroute_physopt_bb.dcp"/>
  <File Type="POSTROUTE-PHYSOPT-TIMING" Name="SPI_SLAVE_timing_summary_postroute_physopted.rpt"/>
  <File Type="POSTROUTE-PHYSOPT-TIMING-PB" Name="SPI_SLAVE_timing_summary_postroute_physopted.pb"/>
  <File Type="POSTROUTE-PHYSOPT-TIMING-RPX" Name="SPI_SLAVE_timing_summary_postroute_physopted.rpx"/>
  <File Type="POSTROUTE-PHYSOPT-BUS-SKEW" Name="SPI_SLAVE_bus_skew_postroute_physopted.rpt"/>
  <File Type="POSTROUTE-PHYSOPT-BUS-SKEW-PB" Name="SPI_SLAVE_bus_skew_postroute_physopted.pb"/>
  <File Type="BG-BIT" Name="SPI_SLAVE.bit"/>
  <File Type="POSTROUTE-PHYSOPT-BUS-SKEW-RPX" Name="SPI_SLAVE_bus_skew_postroute_physopted.rpx"/>
  <File Type="BITSTR-RBT" Name="SPI_SLAVE.rbt"/>
  <File Type="BITSTR-NKY" Name="SPI_SLAVE.nky"/>
  <File Type="BG-BGN" Name="SPI_SLAVE.bgn"/>
  <File Type="BG-DRC" Name="SPI_SLAVE.drc"/>
  <File Type="RDI-RDI" Name="SPI_SLAVE.vdi"/>
  <File Type="WBT-USG" Name="usage_statistics_webtalk.html"/>
  <FileSet Name="sources" Type="DesignSrcs" RelSrcDir="$PSRCDIR/sources_1">
    <Filter Type="Srcs"/>
    <File Path="$PPRDIR/../SPI_SLAVE.v">
      <FileInfo>
        <Attr Name="UsedIn" Val="synthesis"/>
        <Attr Name="UsedIn" Val="implementation"/>
        <Attr Name="UsedIn" Val="simulation"/>
      </FileInfo>
    </File>
    <Config>
      <Option Name="DesignMode" Val="RTL"/>
      <Option Name="TopModule" Val="SPI_SLAVE"/>
      <Option Name="TopAutoSet" Val="TRUE"/>
    </Config>
  </FileSet>
  <FileSet Name="constrs_in" Type="Constrs" RelSrcDir="$PSRCDIR/constrs_1">
    <Filter Type="Constrs"/>
    <File Path="$PPRDIR/../../Constraints_basys3.xdc">
      <FileInfo>
        <Attr Name="UsedIn" Val="synthesis"/>
        <Attr Name="UsedIn" Val="implementation"/>
      </FileInfo>
    </File>
    <Config>
      <Option Name="ConstrsType" Val="XDC"/>
    </Config>
  </FileSet>
  <Strategy Version="1" Minor="2">
    <StratHandle Name="Vivado Implementation Defaults" Flow="Vivado Implementation 2018">
      <Desc>Default settings for Implementation.</Desc>
    </StratHandle>
    <Step Id="init_design"/>
    <Step Id="opt_design"/>
    <Step Id="power_opt_design"/>
    <Step Id="place_design"/>
    <Step Id="post_place_power_opt_design"/>
    <Step Id="phys_opt_design"/>
    <Step Id="route_design"/>
    <Step Id="post_route_phys_opt_design"/>
    <Step Id="write_bitstream"/>
  </Strategy>
</GenRun>
