<?xml version="1.0" encoding="UTF-8"?>
<GenRun Id="synth_1" LaunchPart="xc7a35ticpg236-1L" LaunchTime="1722655401">
  <File Type="PA-TCL" Name="Ram.tcl"/>
  <File Type="RDS-PROPCONSTRS" Name="Ram_drc_synth.rpt"/>
  <File Type="REPORTS-TCL" Name="Ram_reports.tcl"/>
  <File Type="RDS-RDS" Name="Ram.vds"/>
  <File Type="RDS-UTIL" Name="Ram_utilization_synth.rpt"/>
  <File Type="RDS-UTIL-PB" Name="Ram_utilization_synth.pb"/>
  <File Type="RDS-DCP" Name="Ram.dcp"/>
  <File Type="VDS-TIMINGSUMMARY" Name="Ram_timing_summary_synth.rpt"/>
  <File Type="VDS-TIMING-PB" Name="Ram_timing_summary_synth.pb"/>
  <FileSet Name="sources" Type="DesignSrcs" RelSrcDir="$PSRCDIR/sources_1">
    <Filter Type="Srcs"/>
    <File Path="$PPRDIR/../Ram.v">
      <FileInfo>
        <Attr Name="UsedIn" Val="synthesis"/>
        <Attr Name="UsedIn" Val="implementation"/>
        <Attr Name="UsedIn" Val="simulation"/>
      </FileInfo>
    </File>
    <Config>
      <Option Name="DesignMode" Val="RTL"/>
      <Option Name="TopModule" Val="Ram"/>
      <Option Name="TopAutoSet" Val="TRUE"/>
    </Config>
  </FileSet>
  <FileSet Name="constrs_in" Type="Constrs" RelSrcDir="$PSRCDIR/constrs_1">
    <Filter Type="Constrs"/>
    <File Path="$PPRDIR/../../Constraints_basys3.xdc">
      <FileInfo>
        <Attr Name="UsedIn" Val="synthesis"/>
        <Attr Name="UsedIn" Val="implementation"/>
      </FileInfo>
    </File>
    <Config>
      <Option Name="ConstrsType" Val="XDC"/>
    </Config>
  </FileSet>
  <Strategy Version="1" Minor="2">
    <StratHandle Name="Vivado Synthesis Defaults" Flow="Vivado Synthesis 2018">
      <Desc>Vivado Synthesis Defaults</Desc>
    </StratHandle>
    <Step Id="synth_design"/>
  </Strategy>
</GenRun>
